/* 
projects
column_groups
cols
units
unit_environs
unit_liths
environs
liths
 */

INSERT INTO "macrostrat"."environs"("id","environ","environ_type","environ_class","environ_color")
VALUES
(1,E'peritidal',E'carbonate',E'marine',E'#B8B8E6'),
(2,E'shallow subtidal',E'carbonate',E'marine',E'#3399FF'),
(3,E'open shallow subtidal',E'carbonate',E'marine',E'#3399FF'),
(4,E'lagoonal/restricted shallow subtidal',E'carbonate',E'marine',E'#B8B8E6'),
(5,E'sand shoal',E'carbonate',E'marine',E'#5CADFF'),
(6,E'reef',E'carbonate',E'marine',E'#33CCFF'),
(7,E'buildup or bioherm',E'carbonate',E'marine',E'#33CCFF'),
(8,E'perireef',E'carbonate',E'marine',E'#33CCFF'),
(9,E'intrashelf/intraplatform reef',E'carbonate',E'marine',E'#2EB8E6'),
(10,E'platform/shelf-margin reef',E'carbonate',E'marine',E'#2EB8E6'),
(11,E'slope/ramp reef',E'carbonate',E'marine',E'#297ACC'),
(12,E'basin reef',E'carbonate',E'marine',E'#297ACC'),
(13,E'deep subtidal ramp',E'carbonate',E'marine',E'#246BB2'),
(14,E'deep subtidal shelf',E'carbonate',E'marine',E'#246BB2'),
(15,E'deep subtidal indet.',E'carbonate',E'marine',E'#246BB2'),
(16,E'offshore ramp',E'carbonate',E'marine',E'#1F5C99'),
(17,E'offshore shelf',E'carbonate',E'marine',E'#1F5C99'),
(18,E'offshore indet.',E'carbonate',E'marine',E'#1F5C99'),
(19,E'slope',E'carbonate',E'marine',E'#1A4C80'),
(20,E'basinal',E'carbonate',E'marine',E'#1A4C80'),
(21,E'paralic indet.',E'siliciclastic',E'marine',E'#007A5C'),
(22,E'lagoonal',E'siliciclastic',E'marine',E'#007A5C'),
(23,E'coastal indet.',E'siliciclastic',E'marine',E'#007A5C'),
(24,E'foreshore',E'siliciclastic',E'marine',E'#007A5C'),
(25,E'shoreface',E'siliciclastic',E'marine',E'#33D6AD'),
(26,E'transition zone/lower shoreface',E'siliciclastic',E'marine',E'#99EBD6'),
(27,E'barrier bar',E'siliciclastic',E'marine',E'#80E6CC'),
(28,E'offshore',E'siliciclastic',E'marine',E'#B2F0E0'),
(29,E'deltaic indet.',E'siliciclastic',E'marine',E'#19D1A3'),
(30,E'delta plain',E'siliciclastic',E'marine',E'#19D1A3'),
(31,E'interdistributary bay',E'siliciclastic',E'marine',E'#00B88A'),
(32,E'delta front',E'siliciclastic',E'marine',E'#00CC99'),
(33,E'prodelta',E'siliciclastic',E'marine',E'#00CC99'),
(34,E'deep-water indet.',E'siliciclastic',E'marine',E'#00523D'),
(35,E'basinal',E'siliciclastic',E'marine',E'#00291F'),
(36,E'abyss',E'siliciclastic',E'marine',E'#00291F'),
(37,E'submarine fan',E'siliciclastic',E'marine',E'#00664C'),
(38,E'marine',E'',E'marine',E'#CCFFFF'),
(39,E'marginal marine',E'',E'marine',E'#00B88A'),
(41,E'eolian indet.',E'eolian',E'non-marine',E'#FFD6AD'),
(42,E'dune',E'eolian',E'non-marine',E'#FFD6AD'),
(43,E'interdune',E'eolian',E'non-marine',E'#FFCC99'),
(44,E'loess',E'eolian',E'non-marine',E'#FFEAD6'),
(45,E'fluvial indet.',E'fluvial',E'non-marine',E'#669900'),
(46,E'fluvial braided',E'fluvial',E'non-marine',E'#75A319'),
(47,E'fluvial meandering',E'fluvial',E'non-marine',E'#669900'),
(48,E'channel',E'fluvial',E'non-marine',E'#5C8A00'),
(49,E'channel lag',E'fluvial',E'non-marine',E'#5C8A00'),
(52,E'floodplain',E'fluvial',E'non-marine',E'#A3C266'),
(55,E'levee',E'fluvial',E'non-marine',E'#94B84D'),
(56,E'crevasse splay',E'fluvial',E'non-marine',E'#94B84D'),
(57,E'fluvial-deltaic indet.',E'fluvial',E'non-marine',E'#669900'),
(58,E'deltaic indet.',E'fluvial',E'non-marine',E'#75A319'),
(59,E'delta plain',E'fluvial',E'non-marine',E'#75A319'),
(61,E'estuary/bay',E'fluvial',E'marine',E'#00B88A'),
(62,E'glacial indet.',E'glacial',E'non-marine',E'#D6D6FF'),
(63,E'end moraine',E'glacial',E'non-marine',E'#DBDBFF'),
(64,E'ground moraine',E'glacial',E'non-marine',E'#DBDBFF'),
(65,E'esker',E'glacial',E'non-marine',E'#DBDBFF'),
(66,E'drumlin',E'glacial',E'non-marine',E'#DBDBFF'),
(67,E'outwash plain',E'glacial',E'non-marine',E'#DBDBFF'),
(68,E'lacustrine indet.',E'lacustrine',E'non-marine',E'#8AE68A'),
(69,E'lacustrine - large',E'lacustrine',E'non-marine',E'#8AE68A'),
(70,E'lacustrine - small',E'lacustrine',E'non-marine',E'#8AE68A'),
(71,E'pond',E'lacustrine',E'non-marine',E'#8AE68A'),
(72,E'crater lake',E'lacustrine',E'non-marine',E'#EBFFEB'),
(73,E'lacustrine deltaic indet.',E'lacustrine',E'non-marine',E'#ADFFAD'),
(74,E'lacustrine delta plain',E'lacustrine',E'non-marine',E'#6BB26B'),
(75,E'lacustrine interdistributary bay',E'lacustrine',E'non-marine',E'#7ACC7A'),
(76,E'lacustrine delta front',E'lacustrine',E'non-marine',E'#A3FFA3'),
(77,E'lacustrine prodelta',E'lacustrine',E'non-marine',E'#ADFFAD'),
(78,E'playa',E'lacustrine',E'non-marine',E'#E0FFE0'),
(79,E'karst indet.',E'landscape',E'non-marine',E'#D6D6C2'),
(80,E'fissure fill',E'landscape',E'non-marine',E'#D6D6C2'),
(81,E'cave',E'landscape',E'non-marine',E'#3D3D29'),
(82,E'sinkhole',E'landscape',E'non-marine',E'#999966'),
(83,E'alluvial fan',E'landscape',E'non-marine',E'#B8B894'),
(84,E'mire/swamp',E'landscape',E'non-marine',E'#6B6B47'),
(85,E'spring',E'landscape',E'non-marine',E'#F5F5F0'),
(86,E'tar',E'landscape',E'non-marine',E'#6B6B47'),
(87,E'weathering surface',E'landscape',E'non-marine',E'#D6D6C2'),
(88,E'non-marine',E'',E'non-marine',E'#CCFFCC'),
(89,E'fluvial-lacustrine indet.',E'fluvial',E'non-marine',E'#74CDCD'),
(90,E'colluvial slope',E'landscape',E'non-marine',E'#B8B894'),
(91,E'slope',E'siliciclastic',E'marine',E'#00664C'),
(92,E'tidal flat',E'siliciclastic',E'marine',E'#CCF5EB'),
(93,E'inferred marine',E'',E'marine',E'#D6F5FF');

INSERT INTO "macrostrat"."liths"("id","lith","lith_group","lith_type","lith_class","lith_equiv","lith_fill","comp_coef","initial_porosity","bulk_density","lith_color")
VALUES
(1,E'siliciclastic',NULL,E'siliciclastic',E'sedimentary',1,670,0.3,0.5,2.3,E'#FFF400'),
(2,E'gravel',E'unconsolidated',E'siliciclastic',E'sedimentary',2,601,0.2,0.45,2,E'#FFAB00'),
(3,E'sand',E'unconsolidated',E'siliciclastic',E'sedimentary',3,607,0.2,0.45,2,E'#FFCA00'),
(4,E'silt',E'unconsolidated',E'siliciclastic',E'sedimentary',4,619,0.2,0.45,2.1,E'#919AA3'),
(5,E'mud',E'unconsolidated',E'siliciclastic',E'sedimentary',5,641,0.51,0.63,2.5,E'#A7ACB0'),
(6,E'claystone',E'mudrocks',E'siliciclastic',E'sedimentary',6,620,0.51,0.63,2.7,E'#B2B5B7'),
(7,E'mudstone',E'mudrocks',E'siliciclastic',E'sedimentary',7,620,0.51,0.63,2.7,E'#9CA3AA'),
(8,E'shale',E'mudrocks',E'siliciclastic',E'sedimentary',8,620,0.51,0.63,2.4,E'#7B8896'),
(9,E'siltstone',E'mudrocks',E'siliciclastic',E'sedimentary',9,616,0.2,0.45,2.3,E'#86919D'),
(10,E'sandstone',E'sandstones',E'siliciclastic',E'sedimentary',10,607,0.2,0.45,2.35,E'#FFD500'),
(11,E'arkose',E'sandstones',E'siliciclastic',E'sedimentary',11,654,0.2,0.45,2.38,E'#FFEA00'),
(12,E'greywacke',E'sandstones',E'siliciclastic',E'sedimentary',12,654,0.3,0.5,2.3,E'#FFDF00'),
(14,E'conglomerate',E'conglomerates',E'siliciclastic',E'sedimentary',14,602,0.2,0.45,2.5,E'#FFC000'),
(15,E'breccia',E'conglomerates',E'siliciclastic',E'sedimentary',15,603,0.2,0.45,2.2,E'#FFB500'),
(16,E'diamictite',E'conglomerates',E'siliciclastic',E'sedimentary',16,682,0,0.08,2.6,E'#FF9600'),
(17,E'mixed carbonate-siliciclastic',NULL,E'carbonate',E'sedimentary',17,674,0.5,0.65,2.61,E'#0000FF'),
(18,E'carbonate',NULL,E'carbonate',E'sedimentary',18,641,0.58,0.43,2.61,E'#0508FD'),
(19,E'marl',NULL,E'carbonate',E'sedimentary',19,623,0.6,0.6,2.5,E'#0B11FC'),
(20,E'lime mudstone',E'Dunham',E'carbonate',E'sedimentary',20,627,0.6,0.6,2.61,E'#111AFB'),
(21,E'wackestone',E'Dunham',E'carbonate',E'sedimentary',21,627,0.58,0.43,2.61,E'#1723FA'),
(22,E'packstone',E'Dunham',E'carbonate',E'sedimentary',22,628,0.58,0.43,2.61,E'#1D2BF9'),
(23,E'grainstone',E'Dunham',E'carbonate',E'sedimentary',23,629,0.58,0.43,2.61,E'#2334F8'),
(24,E'boundstone',E'Dunham',E'carbonate',E'sedimentary',24,627,0,0.2,2.61,E'#293DF7'),
(25,E'floatstone',E'Dunham',E'carbonate',E'sedimentary',25,627,0.58,0.43,2.61,E'#2F46F6'),
(26,E'rudstone',E'Dunham',E'carbonate',E'sedimentary',26,0,0.58,0.43,2.61,E'#344EF5'),
(27,E'bafflestone',E'Dunham',E'carbonate',E'sedimentary',27,0,0.58,0.43,2.61,E'#3A57F4'),
(28,E'bindstone',E'Dunham',E'carbonate',E'sedimentary',28,0,0.58,0.43,2.61,E'#4060F3'),
(29,E'framestone',E'Dunham',E'carbonate',E'sedimentary',29,0,0.58,0.43,2.61,E'#4669F2'),
(30,E'limestone',NULL,E'carbonate',E'sedimentary',30,627,0.58,0.43,2.61,E'#4C71F1'),
(31,E'dolomite',NULL,E'carbonate',E'sedimentary',31,642,0.58,0.3,2.75,E'#527AF0'),
(32,E'siderite',NULL,E'carbonate',E'sedimentary',32,0,0.58,0.43,2.61,E'#5883EF'),
(33,E'ankerite',NULL,E'carbonate',E'sedimentary',33,0,0.58,0.43,2.61,E'#5E8CEE'),
(34,E'evaporite',NULL,E'evaporite',E'sedimentary',34,667,0,0.02,2,E'#FFB6C1'),
(35,E'halite',NULL,E'evaporite',E'sedimentary',35,668,0,0,2.5,E'#F9AFBA'),
(36,E'gypsum',NULL,E'evaporite',E'sedimentary',36,667,0,0.03,2.35,E'#F3A8B3'),
(37,E'anhydrite',NULL,E'evaporite',E'sedimentary',37,667,0,0,2.9,E'#EEA2AD'),
(38,E'coal',NULL,E'organic',E'sedimentary',38,658,0,0.02,1.2,E'#000000'),
(39,E'peat',NULL,E'organic',E'sedimentary',39,657,0,0.1,0.7,E'#090F0F'),
(40,E'lignite',NULL,E'organic',E'sedimentary',40,657,0,0.05,0.7,E'#121F1F'),
(43,E'anthracite',NULL,E'organic',E'sedimentary',43,658,0,0.01,0.85,E'#1C2F2F'),
(44,E'tar',NULL,E'organic',E'sedimentary',44,0,0,0,0,E'#253F3F'),
(45,E'chert',NULL,E'chemical',E'sedimentary',45,649,0,0.02,2.6,E'#CD5C5C'),
(46,E'phosphorite',NULL,E'chemical',E'sedimentary',46,0,0,0,2.8,E'#C96566'),
(47,E'ironstone',NULL,E'chemical',E'sedimentary',47,0,0,0.1,3,E'#C66F70'),
(48,E'iron formation',NULL,E'chemical',E'sedimentary',48,0,0,0.05,3,E'#C37879'),
(49,E'volcaniclastic',NULL,E'siliciclastic',E'sedimentary',49,714,0.2,0.45,2.2,E'#FFFF00'),
(52,E'plutonic',NULL,E'plutonic',E'igneous',52,727,0,0,0,E'#FF4500'),
(53,E'granite',E'felsic',E'plutonic',E'igneous',53,719,0,0.5,2.64,E'#FF4208'),
(54,E'monzonite',E'felsic',E'plutonic',E'igneous',54,719,0,0,2.69,E'#FF3F11'),
(55,E'granodiorite',E'felsic',E'plutonic',E'igneous',55,719,0,0.5,2.66,E'#FF3C19'),
(56,E'syenite',E'felsic',E'plutonic',E'igneous',56,722,0,0,2.6,E'#FF3922'),
(57,E'diorite',E'felsic',E'plutonic',E'igneous',57,727,0,0,2.85,E'#FF362B'),
(58,E'tonalite',E'felsic',E'plutonic',E'igneous',58,727,0,0,2.15,E'#FF3333'),
(59,E'gabbro',E'mafic',E'plutonic',E'igneous',59,722,0,0,3.03,E'#FF303C'),
(60,E'foidolite',NULL,E'plutonic',E'igneous',60,0,0,0,0,E'#FF2D45'),
(61,E'peridotite',E'ultramafic',E'plutonic',E'igneous',61,0,0,0,3.15,E'#FF2B4D'),
(62,E'pyroxenite',E'ultramafic',E'plutonic',E'igneous',62,0,0,0,0,E'#FF2856'),
(63,E'volcanic',NULL,E'volcanic',E'igneous',63,731,0,0.05,0,E'#006400'),
(64,E'rhyolite',E'felsic',E'volcanic',E'igneous',64,731,0,0,2.5,E'#096C09'),
(65,E'phonolite',NULL,E'volcanic',E'igneous',65,0,0,0,0,E'#127512'),
(66,E'trachyte',E'felsic',E'volcanic',E'igneous',66,0,0,0,0,E'#1B7D1B'),
(67,E'rhyodacite',E'felsic',E'volcanic',E'igneous',67,0,0,0,0,E'#248624'),
(68,E'dacite',E'felsic',E'volcanic',E'igneous',68,723,0,0,0,E'#2C8F2C'),
(69,E'andesite',NULL,E'volcanic',E'igneous',69,724,0,0,2.61,E'#369736'),
(70,E'basalt',E'mafic',E'volcanic',E'igneous',70,717,0,0,3,E'#3FA03F'),
(71,E'latite',NULL,E'volcanic',E'igneous',71,0,0,0,0,E'#48A948'),
(72,E'felsite',E'felsic',E'volcanic',E'igneous',72,0,0,0,0,E'#51B151'),
(73,E'mafite',E'mafic',E'volcanic',E'igneous',73,0,0,0,0,E'#59BA59'),
(74,E'volcanic glass',NULL,E'volcanic',E'igneous',74,0,0,0,0,E'#63C263'),
(75,E'ash',NULL,E'volcanic',E'igneous',75,711,0,0.05,0,E'#6CCB6C'),
(76,E'tuff',NULL,E'volcanic',E'igneous',76,711,0,0.09,0,E'#75D475'),
(77,E'welded tuff',NULL,E'volcanic',E'igneous',77,712,0,0,0,E'#7EDC7E'),
(78,E'metamorphic',NULL,E'metamorphic',E'metamorphic',78,0,0,0,2.74,E'#8B4513'),
(79,E'gneiss',NULL,E'metamorphic',E'metamorphic',79,708,0,0,2.8,E'#8E491B'),
(80,E'migmatite',NULL,E'metamorphic',E'metamorphic',80,0,0,0,0,E'#914E23'),
(81,E'mylonite',NULL,E'metamorphic',E'metamorphic',81,0,0,0,0,E'#94532B'),
(82,E'slate',NULL,E'metasedimentary',E'metamorphic',82,703,0,0.02,2.75,E'#985834'),
(83,E'phyllite',E'mudrocks',E'metasedimentary',E'metamorphic',83,0,0,0.02,2.7,E'#9B5D3C'),
(84,E'schist',NULL,E'metamorphic',E'metamorphic',84,705,0,0,2.64,E'#9E6244'),
(85,E'quartzite',E'sandstones',E'metasedimentary',E'metamorphic',85,702,0,0.02,2.65,E'#A1674C'),
(86,E'amphibolite',NULL,E'metamorphic',E'metamorphic',86,0,0,0,2.96,E'#A56C55'),
(87,E'greenstone',NULL,E'metavolcanic',E'metamorphic',87,0,0,0,3,E'#A8715D'),
(88,E'serpentinite',NULL,E'metamorphic',E'metamorphic',88,0,0,0,0,E'#AB7665'),
(89,E'hornfels',NULL,E'metasedimentary',E'metamorphic',89,0,0,0,0,E'#AE7B6D'),
(90,E'marble',NULL,E'metasedimentary',E'metamorphic',90,0,0,0,2.5,E'#B28076'),
(91,E'argillite',E'mudrocks',E'siliciclastic',E'sedimentary',91,0,0.51,0.63,2.5,E'#708090'),
(92,E'chalk',NULL,E'carbonate',E'sedimentary',92,626,0.7,0.71,2.5,E'#6495ED'),
(93,E'clay',E'unconsolidated',E'siliciclastic',E'sedimentary',93,0,0.51,0.63,2.21,E'#BEBEBE'),
(94,E'diabase',E'mafic',E'plutonic',E'igneous',94,717,0,0,2.91,E'#FF255F'),
(95,E'igneous',NULL,E'igneous',E'igneous',95,722,0,0,0,E'#FF0000'),
(96,E'ignimbrite',NULL,E'volcanic',E'igneous',96,0,0,0,0,E'#87E587'),
(97,E'till',NULL,E'siliciclastic',E'sedimentary',97,682,0,0.3,2,E'#FFA000'),
(98,E'greenschist',NULL,E'metamorphic',E'metamorphic',98,707,0,0,0,E'#B5857E'),
(99,E'quartz monzonite',E'felsic',E'plutonic',E'igneous',99,719,0,0,2.62,E'#FF2267'),
(100,E'kimberlite',E'ultramafic',E'plutonic',E'igneous',100,0,0,0,0,E'#FF1F70'),
(101,E'anorthosite',E'mafic',E'plutonic',E'igneous',101,719,0,0,0,E'#FF1C79'),
(102,E'carbonatite',NULL,E'volcanic',E'igneous',102,0,0,0,0,E'#90EE90'),
(103,E'diatomite',NULL,E'chemical',E'sedimentary',103,653,0.71,0.7,1.2,E'#BF8283'),
(104,E'calcareous ooze',NULL,E'carbonate',E'sedimentary',104,626,0.71,0.7,1.5,E'#BC8B8E'),
(105,E'troctolite',E'mafic',E'plutonic',E'igneous',105,0,0,0,0,E'#FF1981'),
(106,E'bauxite',NULL,E'chemical',E'sedimentary',106,0,0,0.03,0,E'#B99598'),
(107,E'lamprophyre',E'mafic',E'plutonic',E'igneous',107,0,0,0,0,E'#FF168A'),
(108,E'norite',E'mafic',E'plutonic',E'igneous',108,0,0,0,0,E'#FF1493'),
(109,E'granofel',NULL,E'metamorphic',E'metamorphic',109,0,0,0,0,E'#B88A86'),
(110,E'granulite',NULL,E'metamorphic',E'metamorphic',110,0,0,0,0,E'#BC8F8F'),
(111,E'sedimentary',NULL,E'sedimentary',E'sedimentary',111,0,0,0.15,2.5,E'#FF8C00'),
(112,E'siliceous ooze',NULL,E'chemical',E'sedimentary',112,0,0,0.02,1.2,E'#CCEDCC'),
(113,E'graywacke',E'sandstones',E'siliciclastic',E'sedimentary',12,654,0.3,0.5,2.45,E'#FFDF00'),
(114,E'dolostone',NULL,E'carbonate',E'sedimentary',31,0,0.58,0.43,2.61,E'#527AF0'),
(115,E'micrite',E'Folk',E'carbonate',E'sedimentary',20,0,0.6,0.6,2.61,E'#111AFB'),
(116,E'greensand',E'sandstones',E'siliciclastic',E'sedimentary',116,0,0.2,0.4,2.4,E'#E6C000'),
(117,E'grit',E'sandstones',E'siliciclastic',E'sedimentary',10,0,0.2,0.4,2.3,E'#FFD500'),
(118,E'orthogneiss',NULL,E'metaigneous',E'metamorphic',79,0,0,0,2.8,E'#8E491B'),
(119,E'tephra',NULL,E'volcanic',E'igneous',119,0,0,0.1,0,E'#75D475'),
(120,E'paragneiss',NULL,E'metasedimentary',E'metamorphic',120,0,0,0,2.76,E'#B0805F'),
(121,E'loess',NULL,E'siliciclastic',E'sedimentary',4,0,0.2,0.35,2.1,E'#919AA3'),
(122,E'metasedimentary',NULL,E'metasedimentary',E'metamorphic',122,0,0,0.1,2.4,E'#8B4513'),
(123,E'coquina',NULL,E'carbonate',E'sedimentary',23,0,0.58,0.4,2.6,E'#2334F8'),
(124,E'flint',NULL,E'chemical',E'sedimentary',45,0,0,0,2.62,E'#CD5C5C'),
(125,E'oolite',NULL,E'carbonate',E'sedimentary',23,0,0.58,0.43,2.61,E'#2334F8'),
(126,E'trachyandesite',NULL,E'volcanic',E'igneous',126,0,0,0,0,E'#369736'),
(127,E'komatiite',E'ultramafic',E'plutonic',E'igneous',127,0,0,0,0,E'#FF2B4D'),
(128,E'dunite',E'ultramafic',E'plutonic',E'igneous',128,0,0,0,2.6,E'#FF2B4D'),
(129,E'charnockite',NULL,E'plutonic',E'igneous',129,0,0,0,0,E'#FF4208'),
(130,E'aplite',E'felsic',E'plutonic',E'igneous',130,0,0,0,0,E'#FF4208'),
(131,E'trondhjemite',E'felsic',E'plutonic',E'igneous',131,0,0,0,0,E'#FF3333'),
(132,E'eclogite',E'mafic',E'metaigneous',E'metamorphic',132,0,0,0,3.4,E'#B88A86'),
(133,E'metapelite',NULL,E'metasedimentary',E'metamorphic',133,0,0,0.02,2.7,E'#9B5D3C'),
(134,E'arenite',E'sandstones',E'siliciclastic',E'sedimentary',10,0,0.2,0.45,2.35,E'#FFD500'),
(135,E'pelite',E'mudrocks',E'siliciclastic',E'sedimentary',7,0,0.51,0.63,2.5,E'#9CA3AA'),
(136,E'biomicrite',E'Folk',E'carbonate',E'sedimentary',20,0,0.6,0.6,2.61,E'#111AFB'),
(137,E'oomicrite',E'Folk',E'carbonate',E'sedimentary',20,0,0.6,0.6,2.61,E'#111AFB'),
(138,E'biosparite',E'Folk',E'carbonate',E'sedimentary',23,0,0.58,0.43,2.61,E'#2334F8'),
(139,E'pelmicrite',E'Folk',E'carbonate',E'sedimentary',20,0,0.6,0.6,2.61,E'#111AFB'),
(140,E'oosparite',E'Folk',E'carbonate',E'sedimentary',23,0,0.58,0.43,2.61,E'#2334F8'),
(141,E'pelsparite',E'Folk',E'carbonate',E'sedimentary',23,0,0.58,0.43,2.61,E'#2334F8'),
(142,E'intrasparite',E'Folk',E'carbonate',E'sedimentary',23,0,0.58,0.43,2.61,E'#2334F8'),
(143,E'intramicrite',E'Folk',E'carbonate',E'sedimentary',20,0,0.6,0.6,2.61,E'#111AFB'),
(144,E'monzogranite',E'felsic',E'plutonic',E'igneous',144,0,0,0,2.69,E'#FF4208'),
(145,E'syenogranite',E'felsic',E'plutonic',E'igneous',145,0,0,0,2.62,E'#FF4208'),
(146,E'novaculite',NULL,E'chemical',E'sedimentary',45,0,0,0,2.6,E'#CD5C5C'),
(147,E'travertine',NULL,E'carbonate',E'sedimentary',147,0,0.58,0.43,2.61,E'#1D2BF9'),
(148,E'trona',NULL,E'evaporite',E'sedimentary',148,0,0,0.35,0,E'#EEA2AD'),
(149,E'scoria',NULL,E'volcanic',E'igneous',149,0,0,0,0,E'#3FA03F'),
(150,E'pumice',NULL,E'volcanic',E'igneous',150,0,0,0,0,E'#3FA03F'),
(151,E'pegmatite',NULL,E'plutonic',E'igneous',151,0,0,0,0,E'#FF4208'),
(152,E'dolerite',E'mafic',E'plutonic',E'igneous',94,717,0,0.1,2.7,E'#FF255F'),
(153,E'encrinite',NULL,E'carbonate',E'sedimentary',23,629,0.58,0.43,2.61,E'#2334F8'),
(154,E'alluvium',E'unconsolidated',E'siliciclastic',E'sedimentary',154,101,0,0.3,2.3,E'#FFCA00'),
(155,E'colluvium',E'unconsolidated',E'siliciclastic',E'sedimentary',155,102,0,0.3,2,E'#FFCA00'),
(156,E'regolith',NULL,E'regolith',E'sedimentary',156,0,0,0.2,2,E'#FFFF80'),
(157,E'soil',NULL,E'regolith',E'sedimentary',157,0,0,0,1.92,E'#FFE6E6'),
(158,E'paleosol',NULL,E'regolith',E'sedimentary',158,0,0,0,2.2,E'#FFE6E6'),
(159,E'laterite',NULL,E'regolith',E'sedimentary',159,0,0,0,0,E'#FFE6E6'),
(160,E'eluvium',NULL,E'regolith',E'sedimentary',160,0,0,0,2.3,E'#FFE6E6'),
(161,E'mafic',E'mafic',E'igneous',E'igneous',161,0,0,0,0,E'#338033'),
(162,E'subarkose',E'sandstones',E'siliciclastic',E'sedimentary',11,654,0.2,0.45,2.3,E'#FFEA00'),
(163,E'lherzolite',E'ultramafic',E'plutonic',E'igneous',128,0,0,0,0,E'#ff3355'),
(164,E'harzburgite',E'ultramafic',E'plutonic',E'igneous',128,0,0,0,0,E'#ff3355'),
(165,E'wehrlite',E'ultramafic',E'plutonic',E'igneous',128,0,0,0,0,E'#ff3355'),
(166,E'websterite',E'ultramafic',E'plutonic',E'igneous',128,0,0,0,0,E'#ff3355'),
(167,E'orthopyroxenite',E'ultramafic',E'plutonic',E'igneous',62,0,0,0,0,E'#FF2856'),
(168,E'clinopyroxenite',E'ultramafic',E'plutonic',E'igneous',62,0,0,0,0,E'#FF2856'),
(169,E'quartz arenite',E'sandstones',E'siliciclastic',E'sedimentary',10,0,0.2,0.45,2.25,E'#FFD500'),
(170,E'metabasalt',E'mafic',E'metaigneous',E'metamorphic',133,0,0,0,2.9,E'#9B5D3C'),
(171,E'metagabbro',E'mafic',E'metaigneous',E'metamorphic',133,0,0,0,0,E'#9B5D3C'),
(172,E'cataclasite',NULL,E'cataclastic',E'metamorphic',172,0,0,0,0,E'#666600'),
(173,E'fault gouge',NULL,E'cataclastic',E'metamorphic',173,0,0,0,0,E'#dfbf9f'),
(174,E'fault breccia',NULL,E'cataclastic',E'metamorphic',174,0,0,0,0,E'#663d00'),
(175,E'pseudotachylite',NULL,E'cataclastic',E'metamorphic',175,0,0,0,0,E'#4d4d00'),
(176,E'blueschist',NULL,E'metavolcanic',E'metamorphic',176,0,0,0,0,E'#6e422b'),
(177,E'skarn',NULL,E'metasedimentary',E'metamorphic',177,0,0,0,0,E'#B28076'),
(178,E'metavolcanic',NULL,E'metaigneous',E'metamorphic',178,0,0,0,0,E'#586f55'),
(179,E'obsidian',NULL,E'volcanic',E'igneous',179,0,0,0,0,E'#63C263'),
(180,E'gyttja',E'unconsolidated',E'organic',E'sedimentary',180,0,0.9,0.9,0.12,E'#0F0301'),
(181,E'drift',E'unconsolidated',E'siliciclastic',E'sedimentary',181,601,0.2,0.45,2,E'#FFAB00'),
(182,E'tillite',E'conglomerates',E'siliciclastic',E'sedimentary',97,682,0,0.05,2.5,E'#E08D02'),
(184,E'metaconglomerate',E'conglomerates',E'metasedimentary',E'metamorphic',184,602,0,0.1,2.65,E'#C69500'),
(185,E'diatexite',NULL,E'metamorphic',E'metamorphic',80,0,0,0,0,E'#914E23'),
(186,E'ankaramite',E'mafic',E'volcanic',E'igneous',183,717,0,0,0,E'#3A993A'),
(187,E'wacke',E'sandstones',E'siliciclastic',E'sedimentary',12,654,0.3,0.5,2.3,E'#FFDF00'),
(188,E'agglomerate',E'conglomerates',E'volcanic',E'igneous',188,0,0,0.25,0,E'#75D475'),
(189,E'leucogranite',E'felsic',E'plutonic',E'igneous',189,719,0,0,0,E'#FF4208'),
(190,E'metaigneous',NULL,E'metaigneous',E'metamorphic',190,722,0,0,0,E'#B14E4E'),
(191,E'tufa',NULL,E'carbonate',E'sedimentary',147,0,0.58,0.43,2.61,E'#1D2BF9'),
(192,E'metarhyolite',E'felsic',E'metaigneous',E'metamorphic',192,731,0,0,0,E'#0E660E'),
(193,E'metagraywacke',E'sandstones',E'metasedimentary',E'metamorphic',193,0,0,0.1,2.8,E'#D1B704'),
(194,E'bentonite',NULL,E'volcanic',E'igneous',75,711,0,0,0,E'#6CCB6C'),
(195,E'metasiltstone',NULL,E'metasedimentary',E'metamorphic',195,0,0,0,2.5,E'#D1B704'),
(196,E'basanite',E'mafic',E'volcanic',E'igneous',196,717,0,0,0,E'#3FA03F'),
(197,E'tuffite',NULL,E'volcanic',E'igneous',76,711,0,0,0,E'#75D475'),
(198,E'litharenite',E'sandstones',E'siliciclastic',E'sedimentary',198,654,0.3,0.5,2.3,E'#FFDF00'),
(199,E'sublitharenite',E'sandstones',E'siliciclastic',E'sedimentary',198,654,0.3,0.5,2.3,E'#FFDF00'),
(200,E'radiolarite',NULL,E'chemical',E'sedimentary',103,653,0.71,0.7,1.2,E'#BF8283'),
(201,E'calcarenite',NULL,E'carbonate',E'sedimentary',23,629,0.58,0.43,2.61,E'#2334F8'),
(202,E'calcilutite',NULL,E'carbonate',E'sedimentary',20,627,0.6,0.6,2.61,E'#111AFB'),
(203,E'metabasite',E'mafic',E'metaigneous',E'metamorphic',133,0,0,0,2.9,E'#9B5D3C'),
(204,E'diamicton',E'unconsolidated',E'siliciclastic',E'sedimentary',16,682,0,0.08,2.6,E'#FF9600'),
(205,E'porcellanite',NULL,E'chemical',E'sedimentary',45,649,0,0,2.6,E'#CD5C5C'),
(206,E'hyaloclastite',NULL,E'volcanic',E'igneous',206,714,0.2,0.45,2.2,E'#FFFF00');

INSERT INTO "macrostrat"."intervals"("id","age_bottom","age_top","interval_name","interval_abbrev","interval_type","interval_color","rank")
VALUES
(11,3.6,2.588,E'Piacenzian',NULL,E'age',E'#FFFFBF',6),
(12,5.333,3.6,E'Zanclean',NULL,E'age',E'#FFFFB3',6),
(14,7.246,5.333,E'Messinian',NULL,E'age',E'#FFFF73',6),
(15,11.62,7.246,E'Tortonian',NULL,E'age',E'#FFFF66',6),
(16,13.82,11.62,E'Serravallian',NULL,E'age',E'#FFFF59',6),
(17,15.97,13.82,E'Langhian',NULL,E'age',E'#FFFF4D',6),
(18,20.44,15.97,E'Burdigalian',NULL,E'age',E'#FFFF41',6),
(19,23.03,20.44,E'Aquitanian',NULL,E'age',E'#FFFF33',6),
(22,28.1,23.03,E'Chattian',NULL,E'age',E'#FEE6AA',6),
(23,33.9,28.1,E'Rupelian',NULL,E'age',E'#FED99A',6),
(25,37.8,33.9,E'Priabonian',NULL,E'age',E'#FDCDA1',6),
(26,41.3,37.8,E'Bartonian',NULL,E'age',E'#FDC091',6),
(27,47.8,41.3,E'Lutetian',NULL,E'age',E'#FCB482',6),
(28,56,47.8,E'Ypresian',NULL,E'age',E'#FCA773',6),
(30,59.2,56,E'Thanetian',NULL,E'age',E'#FDBF6F',6),
(31,66,61.6,E'Danian',NULL,E'age',E'#FDB462',6),
(35,72.1,66,E'Maastrichtian',NULL,E'age',E'#F2FA8C',6),
(36,83.6,72.1,E'Campanian',NULL,E'age',E'#E6F47F',6),
(37,86.3,83.6,E'Santonian',NULL,E'age',E'#D9EF74',6),
(38,89.8,86.3,E'Coniacian',NULL,E'age',E'#CCE968',6),
(39,93.9,89.8,E'Turonian',NULL,E'age',E'#BFE35D',6),
(40,100.5,93.9,E'Cenomanian',NULL,E'age',E'#B3DE53',6),
(42,113,100.5,E'Albian',NULL,E'age',E'#CCEA97',6),
(43,125,113,E'Aptian',NULL,E'age',E'#BFE48A',6),
(44,129.4,125,E'Barremian',NULL,E'age',E'#B3DF7F',6),
(51,157.3,152.1,E'Kimmeridgian',NULL,E'age',E'#CCECF4',6),
(65,208.5,201.3,E'Rhaetian',NULL,E'age',E'#E3B9DB',6),
(70,247.2,242,E'Anisian',NULL,E'age',E'#BC75B7',6),
(121,485.4,477.7,E'Tremadocian',NULL,E'age',E'#33A97E',6),
(512,493,486.7,E'Sunwaptan',NULL,E'age',E'#B3E095',6),
(3,0.0117,0,E'Holocene',NULL,E'epoch',E'#FEF2E0',5),
(4,2.588,0.0117,E'Pleistocene',E'Ple',E'epoch',E'#FFF2AE',5),
(130,541,511,E'Early Cambrian',NULL,E'epoch',E'#8CB06C',5),
(257,1000,541,E'Neoproterozoic',E'Nptz',E'era',E'#FF9BCD',3),
(131,2500,541,E'Proterozoic',E'Ptz',E'eon',E'#FF70B8',2);


INSERT INTO "macrostrat"."refs"("id","pub_year","author","ref","doi","compilation_code","url","rgeom")
VALUES
(13,2013,E'Cohen, K.M., S.C. Finney, P.L. Gibbard, and J.X. Fan',E'The ICS International Chronostratigraphic Chart (updated 2018/07). Episodes 36:199-204',E'',E'',E'http://stratigraphy.org',NULL),
(1,1985,E'Childs, O.E.',E'Correlation of stratigraphic units of North America; COSUNA. AAPG Bulletin 69:173-180.',NULL,E'COSUNA',NULL,E'SRID=4326;POLYGON((-116.392368824202 32.4640974373191,-117.545952341926 32.5092146206063,-118.010078280686 32.5273668000763,-118.702621302161 32.5544524769727,-119.975554299628 33.077646595168,-120.018278815617 33.2743448211039,-120.0218855948 33.2909499727394,-120.099841502674 33.6498490363102,-120.589548390306 34.2119304314921,-120.640869140625 34.27083595165,-120.93689374357 35.0597361761827,-120.95947265625 35.1199085709968,-121.297168244921 35.4771754338085,-121.871337890625 36.0846212960693,-121.872628084496 36.0866175641549,-122.204962298365 36.6008256996485,-122.395690682689 36.8959325011646,-122.464599609375 37.0025526721596,-122.730446926019 37.3859839170788,-122.878708276377 37.5998210731539,-123.409534740756 38.3654314040849,-123.5302734375 38.539572672039,-123.8818359375 38.9337755281972,-124.0576171875 39.325799417893,-124.002685546875 39.6056881783208,-124.016638797456 39.6219401311219,-124.34326171875 40.0023719358765,-124.397790520829 40.0937669069176,-124.78271484375 40.738933241136,-124.577395521464 41.3967650987715,-124.486083984375 41.6893222599704,-124.586599589551 42.1245587082164,-124.8046875 43.0688877741696,-124.75905585371 43.2341167868976,-124.610622203539 43.7715846949623,-124.458420913708 44.3226949638018,-124.354248046875 44.6998976584032,-124.332885217257 45.3610130047763,-124.291486116087 46.6421907138408,-124.288330078125 46.7398605996927,-124.320808346589 46.814887316137,-124.695295311144 47.6799742998599,-124.953343352966 48.2760805019016,-125.035400390625 48.4656371004498,-126.574091281988 49.1999352296737,-126.71630859375 49.2678045506375,-128.946533203125 50.7155911334338,-128.265380859375 51.3649214882595,-129.144287109375 52.1199986576382,-130.089572958552 51.9381777709381,-130.869140625 51.7882319270648,-131.8359375 52.2412561496634,-133.547954919782 54.0245975416962,-133.617755895745 54.0973064804027,-133.692626953125 54.1752967240464,-133.297119140625 54.8006848673223,-134.36279296875 55.6775844110895,-134.449113592257 55.7420024138284,-135.761204792281 56.7211692812924,-136.248191623642 57.0845901853808,-136.373291015625 57.1779474000072,-136.834716796875 58.0371887132322,-138.186063045026 58.7979765510778,-138.40576171875 58.9216636365964,-139.850641121033 59.3524990384553,-140.2734375 59.4785688319264,-141.474688284116 59.7450690934029,-141.8994140625 59.8392954885003,-143.269994399768 59.7738764499088,-143.696638568657 59.7535123380136,-144.4482421875 59.7176376177877,-145.837532856349 59.7176376177877,-146.75537109375 59.7176376177877,-148.565010854991 59.480649916032,-149.776611328125 59.321980540102,-150.291466417638 59.1987629339879,-151.710205078125 58.8592235470666,-151.690659749804 58.3199440874952,-151.67724609375 57.9498449482603,-152.81982421875 56.7165657265147,-155.379135918378 55.7966266138269,-156.280517578125 55.472626905475,-158.3349609375 55.1223672982985,-158.945031284087 54.8789009510105,-159.554443359375 54.6356973060639,-161.015625 54.9523856906336,-162.059326171875 54.6865342345297,-162.103271484375 54.2395505315618,-163.597412109375 54.2010102397389,-166.409912109375 53.396432127096,-167.45361328125 53.1138114931682,-168.46435546875 53.3308729830171,-167.5634765625 53.8784404033288,-166.6845703125 54.2459704166238,-163.509521484375 55.2978836051056,-160.48828125 56.7045056141693,-159.784158937504 56.9711833185135,-158.642578125 57.4035430733449,-158.038330078125 57.7920887227692,-157.796630859375 58.0488184579365,-158.18115234375 58.263287052486,-158.428323268216 58.2727211965145,-160.731815193436 58.3606420336351,-162.410888671875 58.4247297537591,-162.564697265625 58.9953111879509,-163.223876953125 59.2883316920335,-164.058837890625 59.4618261141153,-166.26708984375 59.4059571150627,-167.76123046875 59.9879976312122,-167.539601462491 60.3181139421564,-167.16796875 60.8716607099951,-166.3330078125 62.083314862948,-165.5419921875 63.1196053006856,-163.10302734375 63.5436580697664,-162.235107421875 63.7873391548965,-162.235107421875 64.0433628092988,-162.97119140625 64.220715001891,-164.652099609375 64.2684539229314,-166.61865234375 64.3351500217677,-167.87109375 64.7741253129287,-168.607177734375 65.2750935499542,-168.7939453125 65.9733251677421,-167.16796875 66.4079554797885,-165.816650390625 66.6137614931809,-164.28955078125 66.8999063523575,-164.28955078125 67.1590185792708,-164.28955078125 67.2082886277919,-164.70703125 67.5043652228246,-166.640625 67.9746339620476,-167.51953125 68.6565549847573,-165.7177734375 69.166465590243,-164.630126953125 69.3066766236691,-163.9599609375 69.7104887441257,-162.114200882347 70.5445735547191,-161.466064453125 70.8374614354039,-157.387225668545 71.5206232925198,-156.533203125 71.6636629314173,-152.838953183488 71.2032321612525,-152.11669921875 71.1132144433115,-150.296667712233 70.8818162708366,-149.91943359375 70.833854856268,-148.436279296875 70.6854214427062,-148.306609648305 70.6804406185049,-146.702828175795 70.6188367377206,-145.01953125 70.5541785377608,-144.512690808975 70.5036005367272,-142.33564787588 70.2863517325519,-140.749935586093 70.1281122722797,-140.2734375 70.0805621583974,-138.256335705245 69.702345909088,-137.197265625 69.5037651956369,-136.7578125 69.5037651956369,-135.699669521838 69.7726776683037,-135.615234375 69.7941356986311,-133.41796875 70.0505963499976,-132.449551157308 70.2377793566812,-131.572265625 70.4073476760681,-130.25390625 70.7579656265492,-128.491168807027 70.8688767310187,-125.68359375 71.0455288193359,-128.307230572955 72.0549518232077,-128.215282109559 72.6478561899904,-127.939695792051 72.9210387781831,-127.529296875 73.327858098407,-126.7822265625 74.5433298267791,-121.70654296875 75.078668773538,-123.99169921875 76.1692462605734,-122.8271484375 76.9702450707768,-121.99159480978 77.1486763519825,-119.70703125 77.6365416300974,-116.542049653215 78.2615147406609,-116.3671875 78.2960438968259,-113.990718375209 78.6061680077277,-111.708984375 78.9039293885709,-109.8193359375 79.1713346408195,-108.119293610959 79.3413334709459,-105.6884765625 79.5844074509509,-103.39275878542 79.9615396094142,-103.3154296875 79.9742429520907,-101.692972143921 80.1419360772383,-100.3271484375 80.2831041753725,-99.052734375 80.4449305218134,-98.5729552518697 80.5273706304371,-97.3388671875 80.739423112867,-97.2494384886639 80.7697509388751,-95.9765625 81.2014195420907,-94.482421875 81.5956989404371,-94.2099299758597 81.6458695343383,-92.63671875 81.935525637079,-92.5599535050722 81.945418907279,-89.9265300399761 82.2848064766899,-89.6484375 82.3206461934938,-89.2630975599563 82.3482653176929,-86.9303989129263 82.5154607909787,-85.078125 82.6482219660755,-85.016132156728 82.6535015032019,-82.3300657996301 82.8822567321555,-81.8349045184332 82.9244264767524,-80.6396484375 83.0262188534485,-79.1892741479599 83.165328777895,-78.1787109375 83.2622550491819,-76.8540069122226 83.2925155330962,-75.3664843485397 83.3264953140523,-74.9855809466408 83.3351963680585,-73.4765625 83.3696671838481,-73.3309600547799 83.3681514053757,-72.0744532732261 83.3550706777342,-70.2661716374776 83.3362457577867,-69.6005592732899 83.3293164724231,-69.5654296875 83.3289507596784,-68.1926210540928 83.2780095714278,-67.2293586499179 83.2422655279597,-67.1214136622393 83.2382599835566,-65.390625 83.1740351317313,-63.8378784846224 83.0287652043208,-61.8209046730389 82.8400636768688,-59.58984375 82.631332853693,-57.057881021863 82.5951414633061,-56.42578125 82.5861063502088,-51.0205078125 83.0101936819767,-48.8333029341102 83.1808853892063,-47.724609375 83.2674089692644,-41.8283720944096 83.5822012071573,-40.78125 83.6381056580401,-35.5517578125 83.8252203914076,-33.6881436698259 83.8129415377727,-29.794921875 83.7872901438,-26.8171267252687 83.595293240656,-24.2578125 83.4302783955387,-20.21484375 82.9511206057337,-13.9306640625 82.0700281944827,-8.876953125 80.7464923258734,-13.359375 79.6871841545082,-17.138671875 78.9208316247074,-21.533203125 79.3189417071071,-26.54296875 79.7733650433322,-27.1706618539053 79.8156932899991,-33.8818359375 80.2682587718688,-34.9146904835187 80.2896633864233,-41.4964012020145 80.4260610830604,-42.7587890625 80.4522224875641,-49.3505859375 80.3201196296323,-49.4909590341906 80.3142714593476,-55.458984375 80.0656338693834,-56.7562330067773 79.8745753530456,-61.083984375 79.2371850060934,-63.80859375 78.5604882839878,-64.4043887698959 78.3762744269296,-66.796875 77.6365416300974,-66.931886561989 77.5844339427361,-69.43359375 76.6189005165456,-72.2284973661239 76.1850801005397,-73.0863604508704 76.0519239808961,-74.00390625 75.9095040069169,-75.6233345519104 75.3130817748982,-76.552734375 74.9707914022581,-77.36572265625 74.0919743139109,-75.76171875 73.415885262071,-73.5549081729578 72.5498218405362,-72.83935546875 72.2690029837926,-71.2832176781443 71.7865983059602,-70.7080078125 71.6082825221026,-69.1259765625 71.2019197329313,-67.21435546875 70.8734913192635,-65.654296875 69.7485511291223,-64.86328125 68.9583908482208,-63.7646484375 68.2123691743711,-61.34765625 67.8092445060001,-60.6814353088313 67.3999233932928,-59.23828125 66.5132604431119,-61.5234375 65.2383066245116,-62.578125 64.9607663214987,-63.39111328125 64.3113485053558,-63.5888671875 63.985599711757,-63.2373046875 63.6072166803308,-63.21533203125 62.895217544882,-63.43505859375 62.380184590391,-63.65478515625 61.68987220046,-63.5888671875 61.2067980426303,-63.10546875 60.4138523504649,-61.45751953125 58.7795911503006,-60.46875 58.3441006295566,-59.713454613434 57.5460618436666,-59.34814453125 57.16007826738,-58.11767578125 56.0229480796275,-57.4299719380182 55.7306139954675,-56.25 55.2290230574063,-54.569091796875 53.3243115198272,-54.305419921875 52.596374659467,-54.239501953125 51.7678398873222,-53.6568266266831 50.7239880595143,-53.61328125 50.6459773407136,-52.6904296875 49.85215166777,-51.064453125 48.6401687181191,-51.01629999364 48.5058290402326,-50.9195968263098 48.2360423828992,-50.38330078125 46.7398605996927,-49.15283203125 46.5739667965278,-48.36181640625 46.2862239180671,-48.1640625 45.5986656898207,-48.153076171875 45.236217535866,-48.636474609375 44.3474222563639,-48.84521484375 43.5644715872181,-50.7208318274718 43.4379127493957,-50.73486328125 43.4369659652182,-52.09716796875 43.7234748961148,-53.28369140625 44.4808302785626,-54.47021484375 45.213003555994,-54.6615511559763 45.3631676345057,-55.546875 46.057985244793,-57.2764435740139 46.4179389996691,-57.59033203125 46.4832647291556,-57.9600973032135 46.4586149715926,-58.271484375 46.4378568950242,-58.5227991038055 46.1365739839914,-58.5360982273498 46.1206306340944,-58.60107421875 46.0427356538465,-59.2877197265625 45.4292987325738,-60.721435546875 44.7935309047441,-61.0235228414509 44.678428316548,-63.5643270170721 43.7103202829947,-64.522705078125 43.3451549904511,-65.7861328125 43.0247295541635,-66.6598558871236 43.2272219559043,-67.08251953125 43.325177679993,-67.6389014938431 43.4992710667838,-68.203125 43.6758180932834,-69.2351411269519 43.3562721557683,-69.697265625 43.2131833007389,-69.3073648981453 42.2890035838267,-69.2852783203125 42.2366518803206,-68.1207275390625 42.0003251483162,-67.7865814762979 41.9676905898996,-67.0330810546875 41.894099558114,-66.588134765625 41.5743613059891,-66.654052734375 40.6431355833128,-67.510986328125 40.2669523050978,-67.9680828088683 40.2182801554861,-68.653564453125 40.1452892956766,-69.774169921875 40.4887374210228,-70.0640790789463 40.57733299369,-70.6201171875 40.7472569628042,-71.82861328125 40.3130432088809,-71.9206332211921 40.291574002194,-72.3224630034428 40.1978229450479,-72.61962890625 40.1284910568541,-72.783800525932 40.0912614704328,-72.9781314638805 40.0471925840888,-73.212890625 39.9939556939733,-73.6962890625 39.5379397451763,-73.9651352357439 39.1781569324025,-73.474619 39.296387,-73.2552790885658 38.640385605844,-73.2645536958809 38.5938275078422,-73.4032854136144 38.318671446531,-73.851103816292 38.1996782765939,-74.096815353522 38.2809226063729,-74.4169210431912 38.3348769704509,-74.414184676224 38.4330898742349,-74.443359375 38.376115424036,-74.7427166386722 37.9420086664405,-74.8425278615531 37.797269481545,-74.86083984375 37.7707147384961,-75.1904296875 37.1778255933298,-75.1702447630753 36.8069408904504,-75.16845703125 36.7740924946419,-75.0569865580054 36.595106836731,-74.94873046875 36.4212824436495,-74.9267578125 35.5679804580121,-75.322265625 35.0479867342673,-75.3920728763265 34.9878415409652,-75.76171875 34.6693585452455,-76.26708984375 34.3434360684829,-76.9474175510195 33.9323328227421,-77.080078125 33.8521697014074,-77.783203125 33.5413946689827,-78.4313815576351 33.4513056258544,-78.4423828125 33.4497765831185,-78.4423828125 33.1966400408878,-78.4423828125 33.0639241981206,-79.25537109375 32.4912302879476,-80.17822265625 31.9894418379229,-80.5944353793873 31.4425683963682,-80.7550048828125 31.2315916720506,-80.9417724609375 30.524413269924,-80.68359375 29.7453016622136,-80.6642882681223 29.7064807665764,-80.3814697265625 29.1377682549833,-80.1507568359375 28.459033019728,-79.837646484375 27.6446063819433,-79.8330928813026 27.6114393707738,-79.7552490234375 27.044449217654,-79.6728515625 26.3623420689988,-79.716796875 25.7603197547139,-80.3155517578125 24.8415805514454,-81.177978515625 24.4571505241859,-81.27325792013 24.4425912841358,-82.2307650172471 24.8486876505768,-82.0458984375 25.165173368664,-82.1502685546875 25.6514303470397,-82.55126953125 26.3131126376827,-82.6949397126594 26.5541781425904,-83.001708984375 27.0689090954634,-83.265380859375 27.8585039548412,-83.2846534784512 28.6559405826277,-83.287353515625 28.7676591056912,-83.858642578125 29.2959805587157,-84.7979736328125 29.4156754712179,-84.8620541129384 29.418819029098,-86.3580322265625 29.4922063348487,-86.375 29.4965811854496,-86.8478828581118 29.6185059543996,-87.506103515625 29.788216909679,-88.187255859375 29.4635140263047,-88.3998712488857 28.9659383075091,-88.5113525390625 28.7050428792919,-89.2630099431942 28.561271710188,-89.49462890625 28.5169694404011,-90.98876953125 28.4397138170279,-91.9500732421875 28.7965462417692,-92.755384428653 29.0747195014581,-93.021240234375 29.1665522952002,-93.136641257036 29.1511710735996,-93.9935302734375 29.0369606485583,-94.7900390625 28.6134594240044,-95.8274516271413 28.039385273607,-96.031494140625 27.926474039865,-96.734619140625 26.9710376062556,-96.6850193005185 25.5467646321244,-96.6796875 25.393660521998,-97.0697021484375 24.6070691377097,-97.116302631745 23.3242344486209,-97.1246337890625 23.0948913850166,-96.87744140625 22.0550960505759,-96.2164766532597 20.666277640671,-96.2127685546875 20.6584861880413,-95.55908203125 19.6218921803194,-94.8779296875 18.9998028290533,-94.8729892413679 18.9970215172642,-94.06494140625 18.542116654449,-93.4595691399017 18.7365255146679,-92.5103759765625 19.041348796589,-91.3787841796875 19.6994859941625,-91.1590576171875 20.3446269438297,-91.1572843101476 20.355194092172,-91.0546875 20.9665691602716,-90.8404541015625 21.4172761569937,-90.472412109375 21.6829528654783,-89.703369140625 21.8818898076293,-87.4566650390625 22.1416198007388,-86.66015625 21.8869871206816,-86.396484375 21.2637806158378,-86.495361328125 20.2415828195422,-87.110595703125 19.1244095280849,-87.2569434354898 18.6478712859831,-90.2196183145834 18.9583286535746,-90.501975001674 18.1642163839303,-90.4361257018426 17.2723203699836,-90.9722413136603 16.0678429736628,-92.4711290041608 15.4597315559062,-92.384033203125 15.6970864454117,-92.603759765625 16.5203659124421,-93.2114424497334 16.600377960351,-94.04296875 16.7098629332066,-95.7422283879465 17.258543224107,-96.48193359375 17.4973894006638,-97.6904296875 18.9998028290533,-98.1085304870887 19.3691147398393,-98.734130859375 19.9217127475562,-99.7694106863823 20.6993085489952,-100.118408203125 20.9614396140969,-100.755615234375 21.4223899052314,-101.788330078125 24.427145340082,-101.832856093745 24.586494899578,-101.97509765625 25.0955485396043,-101.639986354594 25.5764781935482,-101.6015625 25.6316215772585,-100.986328125 26.0271701404974,-100.810546875 26.4804071610073,-100.9423828125 26.9220699167328,-101.79931640625 27.7224359189734,-102.540780448193 28.624842282287,-102.83203125 28.9793120367224,-103.062744140625 28.7869180854202,-103.458251953125 28.8446736807718,-104.073486328125 29.1425661551071,-104.69970703125 29.5543451257483,-104.854417108986 29.8731089603257,-104.96337890625 30.0976132772171,-105.128173828125 30.4202561428452,-105.677490234375 30.7890367512612,-105.986012055102 31.0627564807721,-106.292724609375 31.3348710339506,-106.67724609375 31.5598145320184,-107.417100286069 31.5227195183466,-107.7978515625 31.503629305773,-108.28125 30.9776090933487,-109.255581679638 30.9042595514529,-110.7861328125 30.7890367512612,-111.296544765137 31.0034006025595,-113.433394403775 31.9008390653886,-113.466796875 31.9148675032762,-114.706893412228 32.2759025605322,-114.873046875 32.3242755888766,-115.6640625 32.4356130411628,-116.392368824202 32.4640974373191))');



INSERT INTO "macrostrat"."timescales"("id","timescale","ref_id")
VALUES
(1,E'international ages',13);

INSERT INTO "macrostrat"."projects"("id","project","descrip","timescale_id")
VALUES
(1,E'North America',E'Composite column dataset for the USA and Canada.',1);

INSERT INTO "macrostrat"."col_groups"("id","col_group","col_group_long")
VALUES
(1,E'AC',E'Atlantic Coastal Plain');

INSERT INTO "macrostrat"."cols"("id","col_group_id","project_id","col_type","status_code","col_position","col","col_name","lat","lng","col_area","coordinate","wkt","created","poly_geom")
VALUES
(125,1,1,E'column',E'active',E'',30,E'Pungo Lake',35.72,-76.538,7766.896,E'0101000020E6100000DF4F8D976E2253C05C8FC2F528DC4140',E'POINT(-76.538 35.72)',NULL,E'0103000020E610000001000000060000001E84B284104453C0A787211349E64140240F0923FD2A53C08D3BA72C301842400245B966D01B53C0771DEABCDD0A42401F4BD4D6B2FA52C077CCF4B33495414026540DA48E3F53C08E39C396D59441401E84B284104453C0A787211349E64140'),
(141,1,1,E'column',E'active',E'',17,E'Potomac Estuary',38.45,-76.729,4441.5,E'0101000020E61000002DB29DEFA72E53C09A99999999394340',E'POINT(-76.729 38.45)',NULL,E'0103000020E61000000100000006000000E25A101C644853C0A5D8D7D0693343403C110B88123853C01BE801CA366F43404A0E5E4D420A53C010EDCC17715043406FEDAC7DA70453C013BE3F22822C4340178D12EAEC3953C02906359739164340E25A101C644853C0A5D8D7D069334340'),
(112,1,1,E'column',E'active',E'',19,E'Northern Coastal Plain',38.766,-77.308,3616.431,E'0101000020E6100000C1CAA145B65353C0355EBA490C624340',E'POINT(-77.308 38.766)',NULL,E'0103000020E61000000100000008000000B60914F84E6553C0F5F79A51536D43404377082BFF6053C0B7E1A9C7828E4340441DFF7B0B4253C046471DBFF390434040088ED8FC3D53C0CBEA7D8F7A8A43403C110B88123853C01BE801CA366F4340E25A101C644853C0A5D8D7D069334340992CBF18DB5453C0EAAEF55E582F4340B60914F84E6553C0F5F79A51536D4340');


INSERT INTO "macrostrat"."units"("id","strat_name","color","outcrop","fo","lo","position_bottom","position_top","max_thick","min_thick","section_id","col_id")
VALUES
(4575,E'Unnamed',E'yellow',E'surface',3,3,1,1,5,0,871,112),
(4576,E'Terrace and Estuarine Deposits C',E'yellow',E'surface',4,4,1,1,25,0,872,112),
(4577,E'Terrace and Estuarine Deposits B',E'gray light',E'surface',4,4,1,1,42,0,873,112),
(4578,E'Terrace and Estuarine Deposits a',E'yellow',E'surface',4,4,1,1,25,0,874,112),
(4579,E'Terrace Deposit E',E'yellow',E'surface',11,11,1,1,10,0,875,112),
(4580,E'Terrace Deposit D',E'orange',E'surface',12,12,1,1,10,0,876,112),
(4581,E'Terrace Deposit C',E'orange',E'surface',15,15,1,1,10,0,877,112),
(4582,E'Terrace Deposit B',E'orange',E'surface',17,17,1,1,10,0,878,112),
(4583,E'Terrace Deposit a',E'orange',E'surface',19,19,1,1,10,0,879,112),
(4584,E'Aquia Fm',E'yellow',E'both',31,30,1,1,21,0,880,112),
(4585,E'Brightseat Fm',E'gray light',E'surface',31,31,2,2,23,15,880,112),
(4586,E'Unit F',E'gray light',E'subsurface',42,40,1,1,15,0,881,112),
(4587,E'Potomac Gp',E'yellow',E'both',43,42,2,2,152,0,881,112),
(4588,E'Unit H',E'gray light',E'both',51,43,1,1,120,0,883,112),
(4590,E'Chopawamsic Fm',E'brown light',E'',130,512,2,2,0,0,884,112),
(4591,E'Wissahickon Fm',E'brown light',E'',257,130,3,3,3048,3048,884,112),
(4592,E'Fredricksburg Complex',E'brown light',E'',257,130,4,4,0,0,884,112),
(4820,E'Undifferentiated',E'yellow',E'subsurface',4,3,1,1,12,0,1037,125),
(4821,E'Yorktown Fm',E'gray light',E'both',12,12,1,1,46,0,1038,125),
(4822,E'Pungo River Fm',E'gray light',E'subsurface',18,17,1,1,53,0,1039,125),
(4823,E'Castle Hayne Fm',E'blue',E'both',27,26,1,1,57,0,1040,125),
(4824,E'Beaufort Fm',E'gray light',E'both',31,30,1,1,36,0,1041,125),
(4825,E'Unit a',E'gray light',E'subsurface',35,35,1,1,27,0,1042,125),
(4826,E'Unit B',E'yellow',E'subsurface',36,36,1,1,27,0,1043,125),
(4827,E'Unit C',E'gray light',E'subsurface',38,37,1,1,106,0,1044,125),
(4828,E'Unit D',E'gray light',E'subsurface',40,39,1,1,94,0,1045,125),
(4829,E'Unit E',E'gray light',E'subsurface',40,40,1,1,63,0,1046,125),
(4830,E'Unit F',E'gray light',E'subsurface',42,40,1,1,290,0,1047,125),
(4831,E'Unit G',E'gray light',E'subsurface',43,42,1,1,49,0,1048,125),
(4832,E'Unnamed',E'brown light',E'subsurface',131,130,1,1,0,0,1049,125),
(5070,E'Unnamed',E'gray light',E'both',3,3,1,1,30,0,1165,141),
(5071,E'Columbia Gp',E'yellow',E'surface',11,4,1,1,45,0,1166,141),
(5072,E'Brandywine Fm',E'yellow',E'surface',12,11,1,1,22,0,1167,141),
(5073,E'Basement',E'brown light',E'subsurface',131,130,1,1,0,0,1168,141),
(5074,E'Unnamed',E'tan',E'subsurface',70,65,1,1,0,0,1169,141),
(5076,E'Patapsco Fm',E'tan',E'both',42,42,1,1,200,0,1170,141),
(5077,E'Arundel Fm and Patuxent Fm',E'tan',E'subsurface',44,42,2,2,325,0,1170,141),
(5079,E'Piney Point Fm',E'yellow',E'subsurface',26,25,1,1,30,0,1171,141),
(5080,E'Nanjemoy Fm',E'yellow',E'both',28,26,2,2,75,30,1171,141),
(5082,E'Aquia Fm',E'yellow',E'both',30,30,4,4,45,25,1171,141),
(5083,E'Pamunkey Gp',E'yellow',E'subsurface',23,22,1,1,0,0,1172,141),
(5085,E'Eastover Fm',E'yellow',E'both',15,14,1,1,12,0,1173,141),
(5086,E'St Marys Fm',E'gray light',E'both',16,16,2,2,12,0,1173,141),
(5088,E'Boston Cliffs Mbr',E'yellow',E'both',16,16,3,3,4,0,1173,141),
(5089,E'St Leonard Mbr',E'yellow',E'both',17,17,5,5,6,0,1173,141),
(5090,E'Drum Cliff Mbr',E'yellow',E'both',17,17,4,4,4,0,1173,141),
(5091,E'Calvert Beach Mbr',E'yellow',E'both',17,17,6,6,5,0,1173,141),
(5093,E'Plum Point Mbr',E'tan',E'both',18,18,7,7,35,0,1173,141),
(5094,E'Fairhaven Mbr',E'yellow',E'both',18,18,8,8,20,0,1173,141),
(4589,E'Quantico Slate',E'brown light',E'',121,121,1,1,0,0,884,112),
(5081,E'Marlboro Clay',E'gray light',E'both',30,28,3,3,8,2,1171,141);

INSERT INTO "macrostrat"."unit_environs"("id","unit_id","environ_id","ref_id","date_mod")
VALUES
(701,4575,88,1,NULL),
(6251,4575,45,1,E'2010-03-04 07:42:40'),
(619,4576,21,1,NULL),
(620,4577,21,1,NULL),
(621,4578,21,1,NULL),
(5125,4584,23,1,E'2010-02-15 14:26:51'),
(5152,4585,23,1,E'2010-02-15 18:36:35'),
(2610,4587,88,1,NULL),
(4641,4587,61,1,E'2010-02-01 20:04:06'),
(5098,4587,23,1,E'2010-02-15 10:53:14'),
(76078,4590,93,1,E'2020-07-25 19:21:01'),
(4856,4821,23,1,E'2010-02-12 10:09:59'),
(5188,4822,26,1,E'2010-02-16 09:13:57'),
(5187,4822,28,1,E'2010-02-16 09:13:57'),
(5197,4823,15,1,E'2010-02-16 09:28:09'),
(4777,4823,2,1,E'2010-02-09 08:18:10'),
(5198,4823,18,1,E'2010-02-16 09:28:09'),
(76061,4832,93,1,E'2020-06-25 12:20:45'),
(618,5070,21,1,NULL),
(1748,5071,61,1,NULL),
(1993,5071,45,1,NULL),
(5138,5072,45,1,E'2010-02-15 14:45:42'),
(1753,5076,57,1,NULL),
(4611,5076,46,1,E'2010-02-01 15:02:48'),
(4612,5076,47,1,E'2010-02-01 15:02:48'),
(4613,5077,23,1,E'2010-02-01 15:18:01'),
(2167,5077,57,1,NULL),
(5135,5077,47,1,E'2010-02-15 14:35:50'),
(5134,5077,52,1,E'2010-02-15 14:35:50'),
(4605,5079,38,1,E'2010-02-01 14:54:31'),
(4993,5079,23,1,E'2010-02-15 09:59:46'),
(4607,5079,27,1,E'2010-02-01 14:54:31'),
(4609,5080,91,1,E'2010-02-01 14:55:35'),
(5124,5082,23,1,E'2010-02-15 14:26:45'),
(4601,5083,38,1,E'2010-02-01 14:52:23'),
(5181,5083,23,1,E'2010-02-16 08:56:52'),
(4603,5083,19,1,E'2010-02-01 14:52:23'),
(4604,5083,27,1,E'2010-02-01 14:52:23'),
(4860,5085,23,1,E'2010-02-12 10:12:23'),
(4592,5085,34,1,E'2010-02-01 12:22:21'),
(5139,5086,28,1,E'2010-02-15 14:50:35'),
(4593,5086,38,1,E'2010-02-01 12:44:05'),
(5141,5088,23,1,E'2010-02-15 17:37:22'),
(4596,5089,39,1,E'2010-02-01 13:16:40'),
(5143,5089,22,1,E'2010-02-15 17:41:33'),
(5142,5090,23,1,E'2010-02-15 17:40:45'),
(602,5091,25,1,NULL),
(2168,5091,38,1,NULL),
(4598,5091,39,1,E'2010-02-01 13:19:47'),
(5144,5093,28,1,E'2010-02-15 17:43:39'),
(5145,5094,23,1,E'2010-02-15 17:44:28'),
(5147,5081,23,1,E'2010-02-15 17:50:01'),
(4610,5081,92,1,E'2010-02-01 14:56:59');


INSERT INTO "macrostrat"."unit_liths"("id","lith_id","unit_id","prop","dom","comp_prop","mod_prop","toc","ref_id","date_mod")
VALUES
(52417,3,4575,E'dom',E'dom',0.8333,0.8333,0,0,E'2015-03-17 12:38:09'),
(52416,93,4575,E'sub',E'sub',0.1667,0.1667,0.0025,0,E'2015-03-17 12:38:09'),
(52421,3,4576,E'dom',E'dom',0.4167,0.4167,0,0,E'2015-03-17 12:38:09'),
(52420,2,4576,E'dom',E'dom',0.4167,0.4167,0,0,E'2015-03-17 12:38:09'),
(52419,4,4576,E'sub',E'sub',0.0833,0.0833,0,0,E'2015-03-17 12:38:09'),
(52418,93,4576,E'sub',E'sub',0.0833,0.0833,0.0025,0,E'2015-03-17 12:38:09'),
(52425,4,4577,E'dom',E'dom',0.4167,0.4167,0,0,E'2015-03-17 12:38:09'),
(52424,93,4577,E'dom',E'dom',0.4167,0.4167,0.0025,0,E'2015-03-17 12:38:09'),
(52423,3,4577,E'sub',E'sub',0.0833,0.0833,0,0,E'2015-03-17 12:38:09'),
(52422,2,4577,E'sub',E'sub',0.0833,0.0833,0,0,E'2015-03-17 12:38:09'),
(52427,3,4578,E'dom',E'dom',0.8333,0.8333,0,0,E'2015-03-17 12:38:09'),
(52426,4,4578,E'sub',E'sub',0.1667,0.1667,0,0,E'2015-03-17 12:38:09'),
(52429,3,4579,E'dom',E'dom',0.8333,0.8333,0,0,E'2015-03-17 12:38:09'),
(52428,2,4579,E'sub',E'sub',0.1667,0.1667,0,0,E'2015-03-17 12:38:09'),
(52431,2,4580,E'dom',E'dom',0.8333,0.8333,0,0,E'2015-03-17 12:38:09'),
(52430,3,4580,E'sub',E'sub',0.1667,0.1667,0,0,E'2015-03-17 12:38:09'),
(52433,2,4581,E'dom',E'dom',0.8333,0.8333,0,0,E'2015-03-17 12:38:09'),
(52432,3,4581,E'sub',E'sub',0.1667,0.1667,0,0,E'2015-03-17 12:38:09'),
(52435,2,4582,E'dom',E'dom',0.8333,0.8333,0,0,E'2015-03-17 12:38:09'),
(52434,3,4582,E'sub',E'sub',0.1667,0.1667,0,0,E'2015-03-17 12:38:09'),
(52438,2,4583,E'dom',E'dom',0.7143,0.7143,0,0,E'2015-03-17 12:38:09'),
(52437,4,4583,E'sub',E'sub',0.1429,0.1429,0,0,E'2015-03-17 12:38:09'),
(52436,93,4583,E'sub',E'sub',0.1429,0.1429,0.0025,0,E'2015-03-17 12:38:09'),
(52439,3,4584,E'dom',E'dom',0.8333,1,0,0,E'2015-06-26 10:45:20'),
(99785,3,4584,NULL,E'sub',0.1667,0,0,17,E'2015-06-26 20:47:57'),
(52440,93,4585,E'dom',E'dom',1,1,0.0025,0,E'2015-02-17 16:07:05'),
(52443,8,4586,E'dom',E'dom',0.8333,0.8333,0.0025,0,E'2015-03-17 12:38:09'),
(52442,3,4586,E'sub',E'sub',0.1667,0.1667,0,0,E'2015-03-17 12:38:09'),
(52445,10,4587,E'dom',E'dom',0.625,0.8333,0,0,E'2020-07-25 19:36:41'),
(52444,93,4587,E'sub',E'sub',0.125,0.1667,0.0025,0,E'2020-07-25 19:36:41'),
(99786,93,4587,NULL,E'sub',0.125,0,0,17,E'2020-07-25 19:36:41'),
(99787,3,4587,NULL,E'sub',0.125,0,0,17,E'2020-07-25 19:36:41'),
(52447,8,4588,E'dom',E'dom',0.8333,0.8333,0.0025,0,E'2015-03-17 12:38:09'),
(52446,3,4588,E'sub',E'sub',0.1667,0.1667,0,0,E'2015-03-17 12:38:09'),
(52454,84,4590,E'dom',E'dom',0.5,0.7143,0,0,E'2020-07-25 19:36:41'),
(114023,178,4590,E'sub',E'sub',0.1,0,0,0,E'2020-07-25 19:36:41'),
(99789,79,4590,NULL,E'sub',0.1,0,0,17,E'2020-07-25 19:36:41'),
(99790,79,4590,NULL,E'sub',0.1,0,0,17,E'2020-07-25 19:36:41'),
(99791,79,4590,NULL,E'sub',0.1,0,0,17,E'2020-07-25 19:36:41'),
(114024,122,4590,E'sub',E'sub',0.1,0,0,0,E'2020-07-25 19:36:41'),
(52457,79,4591,E'dom',E'dom',0.5556,0.7143,0,0,E'2015-06-26 10:45:20'),
(52456,83,4591,E'sub',E'sub',0.1111,0.1429,0,0,E'2015-06-26 10:45:20'),
(89986,78,4591,E'sub',E'sub',0.1111,0.1111,0,0,E'2015-06-26 10:46:10'),
(99793,84,4591,NULL,E'sub',0.1111,0,0,17,E'2015-06-26 20:47:57'),
(99794,85,4591,NULL,E'sub',0.1111,0,0,17,E'2015-06-26 20:47:57'),
(52460,84,4592,E'dom',E'dom',0.7143,0.7143,0,0,E'2015-03-17 12:38:09'),
(52459,53,4592,E'sub',E'sub',0.1429,0.1429,0,0,E'2015-03-17 12:38:09'),
(52458,79,4592,E'sub',E'sub',0.1429,0.1429,0,0,E'2015-03-17 12:38:09'),
(52785,3,4820,E'dom',E'dom',1,1,0,0,E'2015-02-17 16:07:05'),
(52787,8,4821,E'dom',E'dom',0.625,0.8333,0.0025,0,E'2015-06-26 10:45:20'),
(52786,3,4821,E'sub',E'sub',0.125,0.1667,0,0,E'2015-06-26 10:45:20'),
(99882,93,4821,NULL,E'sub',0.125,0,0,17,E'2015-06-26 20:47:57'),
(99883,3,4821,NULL,E'sub',0.125,0,0,17,E'2015-06-26 20:47:57'),
(52788,8,4822,E'dom',E'dom',1,1,0.0025,0,E'2015-02-17 16:07:05'),
(52789,18,4823,E'dom',E'dom',1,1,0.001,0,E'2015-02-17 16:07:05'),
(52792,8,4824,E'dom',E'dom',0.7143,0.7143,0.0025,0,E'2015-03-17 12:38:09'),
(52791,3,4824,E'sub',E'sub',0.1429,0.1429,0,0,E'2015-03-17 12:38:09'),
(52790,18,4824,E'sub',E'sub',0.1429,0.1429,0.001,0,E'2015-03-17 12:38:09'),
(52794,8,4825,E'dom',E'dom',0.8333,0.8333,0.0025,0,E'2015-03-17 12:38:09'),
(52793,3,4825,E'sub',E'sub',0.1667,0.1667,0,0,E'2015-03-17 12:38:09'),
(52796,3,4826,E'dom',E'dom',0.8333,0.8333,0,0,E'2015-03-17 12:38:09'),
(52795,8,4826,E'sub',E'sub',0.1667,0.1667,0.0025,0,E'2015-03-17 12:38:09'),
(52798,8,4827,E'dom',E'dom',0.8333,0.8333,0.0025,0,E'2015-03-17 12:38:09'),
(52797,3,4827,E'sub',E'sub',0.1667,0.1667,0,0,E'2015-03-17 12:38:09'),
(52800,8,4828,E'dom',E'dom',0.8333,0.8333,0.0025,0,E'2015-03-17 12:38:09'),
(52799,3,4828,E'sub',E'sub',0.1667,0.1667,0,0,E'2015-03-17 12:38:09'),
(52802,8,4829,E'dom',E'dom',0.8333,0.8333,0.0025,0,E'2015-03-17 12:38:09'),
(52801,3,4829,E'sub',E'sub',0.1667,0.1667,0,0,E'2015-03-17 12:38:09'),
(52804,8,4830,E'dom',E'dom',0.8333,0.8333,0.0025,0,E'2015-03-17 12:38:09'),
(52803,3,4830,E'sub',E'sub',0.1667,0.1667,0,0,E'2015-03-17 12:38:09'),
(52806,8,4831,E'dom',E'dom',0.8333,0.8333,0.0025,0,E'2015-03-17 12:38:09'),
(52805,3,4831,E'sub',E'sub',0.1667,0.1667,0,0,E'2015-03-17 12:38:09'),
(52807,83,4832,E'dom',E'dom',1,1,0,0,E'2015-02-17 16:07:05'),
(52306,4,5070,E'dom',E'dom',0.2941,0.2941,0,0,E'2015-03-17 12:38:10'),
(52305,3,5070,E'dom',E'dom',0.2941,0.2941,0,0,E'2015-03-17 12:38:10'),
(52304,5,5070,E'dom',E'dom',0.2941,0.2941,0.04,0,E'2015-03-17 12:38:10'),
(52303,4,5070,E'sub',E'sub',0.0588,0.0588,0,0,E'2015-03-17 12:38:10'),
(52867,4,5070,E'sub',E'sub',0.0588,0.0588,0,0,E'2015-03-17 12:38:10'),
(52309,3,5071,E'dom',E'dom',0.7143,0.7143,0,0,E'2015-03-17 12:38:10'),
(52308,3,5071,E'sub',E'sub',0.1429,0.1429,0,0,E'2015-03-17 12:38:10'),
(52307,93,5071,E'sub',E'sub',0.1429,0.1429,0.0025,0,E'2015-03-17 12:38:10'),
(52312,3,5072,E'dom',E'dom',0.4545,0.4545,0,0,E'2020-07-25 19:36:41'),
(52311,2,5072,E'dom',E'dom',0.4545,0.4545,0,0,E'2020-07-25 19:36:41'),
(52869,4,5072,E'sub',E'sub',0.0909,0.0909,0,0,E'2020-07-25 19:36:41'),
(114022,178,5073,E'dom',E'dom',0.5,0,0,0,E'2020-07-25 19:36:41'),
(52346,84,5073,E'dom',E'dom',0.5,0.5,0,0,E'2015-02-17 16:07:05'),
(52345,8,5074,E'dom',E'dom',0.4545,0.4545,0.0025,0,E'2015-03-17 12:38:10'),
(52344,10,5074,E'dom',E'dom',0.4545,0.4545,0,0,E'2015-03-17 12:38:10'),
(52343,38,5074,E'sub',E'sub',0.0909,0.0909,0.6,0,E'2015-03-17 12:38:10'),
(52337,93,5076,E'dom',E'dom',0.8333,0.8333,0.002,0,E'2015-03-17 12:38:10'),
(52336,3,5076,E'sub',E'sub',0.1667,0.1667,0,0,E'2015-03-17 12:38:10'),
(52341,3,5077,E'dom',E'dom',0.3125,0.3125,0,0,E'2015-03-17 12:38:10'),
(52340,93,5077,E'dom',E'dom',0.3125,0.3125,0.0025,0,E'2015-03-17 12:38:10'),
(52339,3,5077,E'sub',E'sub',0.0625,0.0625,0,0,E'2015-03-17 12:38:10'),
(52342,4,5077,E'dom',E'dom',0.3125,0.3125,0,0,E'2015-03-17 12:38:10'),
(52327,3,5079,E'dom',E'dom',0.8333,1,0,0,E'2020-07-25 19:36:41'),
(114021,123,5079,E'sub',E'sub',0.1667,0,0,0,E'2020-07-25 19:36:41'),
(52332,3,5080,E'dom',E'dom',0.4545,0.4545,0,0,E'2015-03-17 12:38:10'),
(52331,93,5080,E'dom',E'dom',0.4545,0.4545,0.0025,0,E'2015-03-17 12:38:10'),
(52330,3,5080,E'sub',E'sub',0.0909,0.0909,0,0,E'2015-03-17 12:38:10'),
(52871,10,5082,E'sub',E'sub',0.1667,0.1667,0,0,E'2020-07-25 19:36:41'),
(52328,3,5082,E'dom',E'dom',0.8333,0.8333,0,0,E'2020-07-25 19:36:41'),
(52870,3,5083,E'dom',E'dom',1,1,0,0,E'2015-02-17 16:07:05'),
(52314,3,5085,E'dom',E'dom',0.5,0.5,0,0,E'2015-02-17 16:07:05'),
(52313,93,5085,E'dom',E'dom',0.5,0.5,0.0025,0,E'2015-02-17 16:07:05'),
(52315,93,5086,E'dom',E'dom',0.5,0.5,0.0025,0,E'2015-02-17 16:07:05'),
(52316,3,5086,E'dom',E'dom',0.5,0.5,0,0,E'2015-02-17 16:07:05'),
(52317,3,5088,E'dom',E'dom',1,1,0,0,E'2015-02-17 16:07:05'),
(52319,3,5089,E'dom',E'dom',1,1,0,0,E'2015-02-17 16:07:05'),
(52318,3,5090,E'dom',E'dom',1,1,0,0,E'2015-02-17 16:07:05'),
(52320,3,5091,E'dom',E'dom',1,1,0,0,E'2015-02-17 16:07:05'),
(52323,4,5093,E'dom',E'dom',0.3333,0.3333,0,0,E'2015-02-17 16:07:05'),
(52322,3,5093,E'dom',E'dom',0.3333,0.3333,0,0,E'2015-02-17 16:07:05'),
(52321,93,5093,E'dom',E'dom',0.3333,0.3333,0.0025,0,E'2015-02-17 16:07:05'),
(52325,3,5094,E'dom',E'dom',1,1,0,0,E'2015-02-17 16:07:05'),
(52451,82,4589,E'dom',E'dom',0.625,0.625,0,0,E'2015-03-17 12:38:09'),
(52450,76,4589,E'sub',E'sub',0.125,0.125,0,0,E'2015-03-17 12:38:09'),
(52449,84,4589,E'sub',E'sub',0.125,0.125,0,0,E'2015-03-17 12:38:09'),
(89985,98,4589,E'sub',E'sub',0.125,0.125,0,0,E'2015-06-26 10:46:10'),
(52335,93,5081,E'dom',E'dom',0.8333,0.8333,0.0025,0,E'2015-03-17 12:38:10'),
(52334,40,5081,E'sub',E'sub',0.1667,0.1667,0.4,0,E'2015-03-17 12:38:10');



